name,ra_hours,dec_deg,mag,con
Sirius,6.752481,-16.716116,-1.44,CMa
Canopus,6.399195,-52.69566,-0.62,Car
Arcturus,14.26103,19.18241,-0.05,Boo
Rigil Kentaurus,14.660765,-60.833976,-0.01,Cen
Vega,18.61564,38.783692,0.03,Lyr
Capella,5.27815,45.997991,0.08,Aur
Rigel,5.242298,-8.20164,0.18,Ori
Procyon,7.655033,5.224993,0.4,CMi
Achernar,1.628556,-57.236757,0.45,Eri
Betelgeuse,5.919529,7.407063,0.45,Ori
Hadar,14.063729,-60.373039,0.61,Cen
Altair,19.846388,8.868322,0.76,Aql
Acrux,12.443311,-63.099092,0.77,Cru
Aldebaran,4.598677,16.509301,0.87,Tau
HYG 118360,5.277926,46.000842,0.96,Aur
Spica,13.419883,-11.161322,0.98,Vir
Antares,16.490128,-26.432002,1.06,Sco
Pollux,7.755277,28.026199,1.16,Gem
Fomalhaut,22.960838,-29.622236,1.17,PsA
Mimosa,12.795359,-59.688764,1.25,Cru
Deneb,20.690532,45.280338,1.25,Cyg
Toliman,14.660346,-60.8383,1.35,Cen
Regulus,10.139532,11.967207,1.36,Leo
Adhara,6.977097,-28.972084,1.5,CMa
Castor,7.576634,31.888276,1.58,Gem
Gacrux,12.519429,-57.113212,1.59,Cru
Shaula,17.560145,-37.103821,1.62,Sco
Bellatrix,5.418851,6.349702,1.64,Ori
Elnath,5.438198,28.60745,1.65,Tau
Miaplacidus,9.220041,-69.717208,1.67,Car
Alnilam,5.603559,-1.20192,1.69,Ori
Alnair,22.137209,-46.960975,1.73,Gru
Alnitak,5.679313,-1.942572,1.74,Ori
Gamma-2 Vel,8.158876,-47.336588,1.75,Vel
Alioth,12.900472,55.959821,1.76,UMa
Mirfak,3.405378,49.86118,1.79,Per
Kaus Australis,18.402868,-34.384616,1.79,Sgr
Dubhe,11.062155,61.751033,1.81,UMa
Wezen,7.139857,-26.3932,1.83,CMa
Alkaid,13.792354,49.313265,1.85,UMa
Avior,8.375236,-59.509483,1.86,Car
Sargas,17.62198,-42.997824,1.86,Sco
Menkalinan,5.992149,44.947433,1.9,Aur
Atria,16.811077,-69.027715,1.91,TrA
Alhena,6.628528,16.399252,1.93,Gem
Alsephina,8.745059,-54.708821,1.93,Vel
Peacock,20.427459,-56.73509,1.94,Pav
Polaris,2.52975,89.264109,1.97,UMi
Mirzam,6.378329,-17.955918,1.98,CMa
Alphard,9.45979,-8.658603,1.99,Hya
Hamal,2.119555,23.462423,2.01,Ari
Algieba,10.332873,19.841489,2.01,Leo
Diphda,0.72649,-17.986605,2.04,Cet
Nunki,18.92109,-26.296722,2.05,Sgr
Menkent,14.111395,-36.369954,2.06,Cen
Alpheratz,0.139791,29.090432,2.07,And
Mirach,1.162194,35.620558,2.07,And
Saiph,5.795941,-9.669605,2.07,Ori
Kochab,14.845105,74.155505,2.07,UMi
Tiaki,22.711115,-46.884577,2.07,Gru
Rasalhague,17.582241,12.560035,2.08,Oph
Algol,3.136148,40.955648,2.09,Per
Almach,2.064984,42.329725,2.1,And
Denebola,11.817663,14.57206,2.14,Leo
Cih,0.945143,60.71674,2.15,Cas
Gamma Cen,12.691971,-48.959888,2.2,Cen
Naos,8.059737,-40.003148,2.21,Pup
Aspidiske,9.284838,-59.275229,2.21,Car
Alphecca,15.578128,26.714693,2.22,CrB
Suhail,9.133268,-43.432589,2.23,Vel
Mizar,13.398747,54.925362,2.23,UMa
Sadr,20.370473,40.256679,2.23,Cyg
Schedar,0.675116,56.537331,2.24,Cas
Eltanin,17.943437,51.488895,2.24,Dra
Mintaka,5.533445,-0.299092,2.25,Ori
Caph,0.152887,59.14978,2.28,Cas
Epsilon Cen,13.664796,-53.466394,2.29,Cen
Dschubba,16.005557,-22.62171,2.29,Sco
Larawag,16.83608,-34.293232,2.29,Sco
Alpha Lup,14.698823,-47.3882,2.3,Lup
Eta Cen,14.591786,-42.157824,2.33,Cen
Merak,11.030677,56.382427,2.34,UMa
Izar,14.749784,27.074222,2.35,Boo
Enif,21.736433,9.875011,2.38,Peg
Kappa Sco,17.708132,-39.029983,2.39,Sco
Ankaa,0.438056,-42.305981,2.4,Phe
Phecda,11.897168,53.69476,2.41,UMa
Sabik,17.172968,-15.72491,2.43,Oph
Scheat,23.062901,28.082789,2.44,Peg
Aludra,7.401584,-29.303104,2.45,CMa
Alderamin,21.30963,62.585573,2.45,Cep
Markeb,9.368562,-55.010668,2.47,Vel
Aljanah,20.770178,33.970256,2.48,Cyg
Markab,23.079348,15.205264,2.49,Peg
Menkar,3.037992,4.089734,2.54,Cet
Zeta Oph,16.619316,-10.56709,2.54,Oph
Zeta Cen,13.925667,-47.288375,2.55,Cen
Zosma,11.235138,20.523717,2.56,Leo
Acrab,16.09062,-19.805453,2.56,Sco
Arneb,5.545504,-17.822289,2.58,Lep
Delta Cen,12.13931,-50.722425,2.58,Cen
Gienah,12.263437,-17.541929,2.58,Crv
Ascella,19.043532,-29.880105,2.6,Sgr
Zubeneschamali,15.283449,-9.382917,2.61,Lib
Unukalhai,15.737798,6.425627,2.63,Ser
Sheratan,1.910668,20.808035,2.64,Ari
Phact,5.660817,-34.074108,2.65,Col
Mahasim,5.995351,37.212585,2.65,Aur
Kraz,12.573121,-23.396759,2.65,Crv
Ruchbah,1.430216,60.235283,2.66,Cas
Muphrid,13.911411,18.397717,2.68,Boo
Beta Lup,14.975537,-43.13396,2.68,Lup
Hassaleh,4.949894,33.16609,2.69,Aur
Mu Vel,10.779488,-49.420255,2.69,Vel
Alpha Mus,12.619739,-69.135564,2.69,Mus
Lesath,17.512732,-37.295811,2.7,Sco
Pi Pup,7.285711,-37.09747,2.71,Pup
Kaus Media,18.3499,-29.828103,2.72,Sgr
Tarazed,19.770994,10.613261,2.72,Aql
Yed Prior,16.239094,-3.694323,2.73,Oph
Athebyne,16.39986,61.514213,2.73,Dra
Theta Car,10.715949,-64.39445,2.74,Car
Porrima,12.694345,-1.449375,2.74,Vir
Hatysa,5.590551,-5.909901,2.75,Ori
Iota Cen,13.343296,-36.712295,2.75,Cen
Zubenelgenubi,14.847977,-16.041778,2.75,Lib
Cebalrai,17.724543,4.567303,2.76,Oph
Cursa,5.130829,-5.086446,2.78,Eri
Kornephoros,16.503668,21.489613,2.78,Her
Rasalgethi,17.244127,14.390333,2.78,Her
Imai,12.252427,-58.748928,2.79,Cru
Rastaban,17.507213,52.301387,2.79,Dra
Gamma Lup,15.585681,-41.166757,2.8,Lup
Nihal,5.470756,-20.759441,2.81,Lep
Zeta Her,16.688113,31.602726,2.81,Her
Beta Hyi,0.427916,-77.254247,2.82,Hyi
Paikauhale,16.598043,-28.216016,2.82,Sco
Kaus Borealis,18.466179,-25.4217,2.82,Sgr
Algenib,0.220598,15.183596,2.83,Peg
Tureis,8.125737,-24.304324,2.83,Pup
Beta TrA,15.919083,-63.430727,2.83,TrA
Zeta Per,3.9022,31.883635,2.84,Per
Beta Ara,17.421665,-55.529884,2.84,Ara
Alpha Ara,17.530695,-49.876145,2.84,Ara
Alcyone,3.79141,24.105137,2.85,Tau
Vindemiatrix,13.036278,10.95915,2.85,Vir
Deneb Algedi,21.784011,-16.127286,2.85,Cap
Castor B,7.576827,31.89052,2.85,Gem
Alpha Hyi,1.979451,-61.569859,2.86,Hyi
Fawaris,19.749574,45.13081,2.86,Cyg
Tejat,6.382673,22.513586,2.87,Gem
Gamma TrA,15.315181,-68.679545,2.87,TrA
Alpha Tuc,22.308371,-60.259587,2.87,Tuc
Acamar,2.971023,-40.304672,2.88,Eri
Albaldah,19.162731,-21.023615,2.88,Sgr
Gomeisa,7.452512,8.289315,2.89,CMi
Cor Caroli,12.933807,38.31838,2.89,CVn
Fang,15.980865,-26.114105,2.89,Sco
Epsilon Per,3.96423,40.010215,2.9,Per
Alniyat,16.353143,-25.592796,2.9,Sco
Sadalsuud,21.525982,-5.571172,2.9,Aqr
Gamma Per,3.079942,53.50644,2.91,Per
Upsilon Car,9.785036,-65.072007,2.92,Car
Matar,22.716704,30.221245,2.93,Peg
Tau Pup,6.832266,-50.61456,2.94,Pup
Algorab,12.497739,-16.515432,2.94,Crv
Sadalmelik,22.096399,-0.319851,2.95,Aqr
Zaurak,3.967157,-13.508515,2.97,Eri
Tianguan,5.627413,21.142549,2.97,Tau
Ras Elased Australis,9.764188,23.774255,2.97,Leo
Alnasl,18.096803,-30.424091,2.98,Sgr
Gamma Hya,13.315359,-23.171512,2.99,Hya
Iota-1 Sco,17.793078,-40.126997,2.99,Sco
Okab,19.090169,13.863478,2.99,Aql
Beta Tri,2.159058,34.987297,3.0,Tri
Psi UMa,11.161062,44.498487,3.0,UMa
Pherkad,15.345483,71.834016,3.0,UMi
Xamidimura,16.864509,-38.04738,3.0,Sco
Aldhanab,21.898808,-37.364852,3.0,Gru
Delta Per,3.715416,47.787551,3.01,Per
Furud,6.338553,-30.063367,3.02,CMa
Omicron-2 CMa,7.050409,-23.833291,3.02,CMa
Epsilon Crv,12.168746,-22.619766,3.02,Crv
Almaaz,5.032815,43.823308,3.03,Aur
Beta Mus,12.771346,-68.108119,3.04,Mus
Seginus,14.534636,38.308253,3.04,Boo
Albireo,19.512023,27.959681,3.05,Cyg
Dabih,20.350187,-14.781367,3.05,Cap
Mebsuta,6.732202,25.131124,3.06,Gem
Tania Australis,10.372155,41.499516,3.06,UMa
Altais,19.209225,67.661541,3.07,Dra
Eta Sgr,18.293793,-36.761686,3.1,Sgr
Zeta Hya,8.92323,5.945563,3.11,Hya
Nu Hya,10.827079,-16.193648,3.11,Hya
Lambda Cen,11.596363,-63.019841,3.11,Cen
Alpha Ind,20.626116,-47.291502,3.11,Ind
Wazn,5.849329,-35.768309,3.12,Col
Talitha,8.986828,48.041826,3.12,UMa
Zeta Ara,16.977006,-55.990141,3.12,Ara
Sarin,17.250531,24.839204,3.12,Her
Kappa Cen,14.986025,-42.104194,3.13,Cen
Alpha Lyn,9.350925,34.392562,3.14,Lyn
HIP 46701,9.520371,-57.034377,3.16,Vel
Pi Her,17.250788,36.809162,3.16,Her
Nu Pup,6.629353,-43.195934,3.17,Pup
Theta UMa,9.547715,51.6773,3.17,UMa
Aldhibah,17.146448,65.714683,3.17,Dra
Phi Sgr,18.76094,-26.990778,3.17,Sgr
Haedus,5.10858,41.234474,3.18,Aur
Alpha Cir,14.708492,-64.975138,3.18,Cir
Tabit,4.830669,6.961276,3.19,Ori
Epsilon Lep,5.091018,-22.371032,3.19,Lep
Kappa Oph,16.961139,9.375033,3.19,Oph
Fuyue,17.830965,-37.043304,3.19,Sco
Zeta Cyg,21.215607,30.226916,3.21,Cyg
Errai,23.65582,77.632276,3.21,Cep
Delta Lup,15.356201,-40.647518,3.22,Lup
Yed Posterior,16.305358,-4.692511,3.23,Oph
Eta Ser,18.355167,-2.898825,3.23,Ser
Alfirk,21.477662,70.560716,3.23,Cep
Alpha Pic,6.803194,-61.941391,3.24,Pic
Theta Aql,20.188413,-0.821461,3.24,Aql
Sigma Pup,7.487179,-43.301432,3.25,Pup
Pi Hya,14.106193,-26.682361,3.25,Hya
Brachium,15.067839,-25.281965,3.25,Lib
Sulafat,18.982395,32.689557,3.25,Lyr
Gamma Hyi,3.787295,-74.238962,3.26,Hyi
Delta And,0.655462,30.861024,3.27,And
Theta Oph,17.366827,-24.999545,3.27,Oph
Skat,22.910837,-15.82082,3.27,Aqr
Mu Lep,5.215528,-16.205468,3.29,Lep
Omega Car,10.228961,-70.037903,3.29,Car
Edasich,15.415494,58.966065,3.29,Dra
Alpha Dor,4.566598,-55.044975,3.3,Dor
HIP 51576,10.533743,-61.685332,3.3,Car
Propus,6.247961,22.506799,3.31,Gem
Gamma Ara,17.423239,-56.377727,3.31,Ara
Beta Phe,1.101407,-46.718414,3.32,Phe
Rho Per,3.08627,38.840274,3.32,Per
Megrez,12.257086,57.032617,3.32,UMa
Eta Sco,17.202552,-43.239189,3.32,Sco
Nu Oph,17.983775,-9.773632,3.32,Oph
Tau Sgr,19.11567,-27.670423,3.32,Sgr
Alpha Ret,4.240404,-62.473858,3.33,Ret
Chertan,11.237335,15.42957,3.33,Leo
Azmidi,7.821571,-24.859786,3.34,Pup
Segin,1.906584,63.670101,3.35,Cas
Eta Ori,5.407949,-2.397146,3.35,Ori
Alzirr,6.754824,12.895591,3.35,Gem
Muscida,8.504431,60.718169,3.35,UMa
Delta Aql,19.424972,3.114775,3.36,Aql
Epsilon Lup,15.378021,-44.689622,3.37,Lup
Ashlesha,8.779587,6.418809,3.38,Hya
Heze,13.57822,-0.59582,3.38,Vir
Meissa,5.585633,9.934158,3.39,Ori
HIP 50371,10.28472,-61.332304,3.39,Car
Minelauva,12.926725,3.39747,3.39,Vir
Zeta Cep,22.180908,58.201261,3.39,Cep
Chamukuy,4.477705,15.870883,3.4,Tau
HYG 119131,17.172783,-15.726921,3.4,Oph
Gamma Phe,1.472759,-43.318234,3.41,Phe
Lambda Tau,4.011338,12.490347,3.41,Tau
Nu Cen,13.825078,-41.687709,3.41,Cen
Zeta Lup,15.20476,-52.099247,3.41,Lup
Eta Cep,20.754811,61.838782,3.41,Cep
Homam,22.691033,10.831364,3.41,Peg
Mothallah,1.884696,29.578829,3.42,Tri
Eta Lup,16.002036,-38.396706,3.42,Lup
Mu Her,17.774319,27.720676,3.42,Her
Beta Pav,20.749314,-66.203212,3.42,Pav
HIP 45080,9.182804,-58.966896,3.43,Car
Adhafera,10.278171,23.417311,3.43,Leo
Lambda Aql,19.10415,-4.882554,3.43,Aql
Tania Borealis,10.284952,42.914365,3.45,UMa
Achird,0.81826,57.815187,3.46,Cas
Eta Cet,1.143164,-10.182264,3.46,Cet
Chi Car,7.946313,-52.98236,3.46,Car
Delta Boo,15.258376,33.314833,3.46,Boo
Kaffaljidhma,2.721678,3.235818,3.47,Cet
Mu Cen,13.826943,-42.473732,3.47,Cen
Eta Leo,10.122209,16.762664,3.48,Leo
Eta Her,16.714933,38.922254,3.48,Her
Tau Cet,1.734479,-15.93748,3.49,Cet
Nganurganity,7.028652,-27.93483,3.49,CMa
Alula Borealis,11.307983,33.094306,3.49,UMa
Nekkar,15.032436,40.390566,3.49,Boo
Alpha Tel,18.449561,-45.968459,3.49,Tel
Epsilon Gru,22.809239,-51.316864,3.49,Gru
Kappa CMa,6.830683,-32.508478,3.5,CMa
Wasat,7.335383,21.98232,3.5,Gem
Iota Cep,22.82802,66.200408,3.5,Cep
Gamma Sge,19.979285,19.492148,3.51,Sge
Sadalbari,22.833385,24.601579,3.51,Peg
Rana,3.720806,-9.763395,3.52,Eri
Subra,9.685843,9.892308,3.52,Leo
Phi Vel,9.947708,-54.56779,3.52,Vel
Sheliak,18.834665,33.362667,3.52,Lyr
Xi-2 Sgr,18.962167,-21.106654,3.52,Sgr
Biham,22.169996,6.197865,3.52,Peg
Gamma Vir,12.694171,-1.449235,3.52,Vir
Ain,4.476943,19.180431,3.53,Tau
Tarf,8.275256,9.185545,3.53,Cnc
Xi Hya,11.550038,-31.857625,3.54,Hya
Mu Ser,15.827002,-3.430208,3.54,Ser
Xi Ser,17.626445,-15.398557,3.54,Ser
Upsilon-4 Eri,4.298237,-33.798348,3.55,Eri
Zeta Lep,5.782595,-14.82195,3.55,Lep
Iota Lup,14.323396,-46.058093,3.55,Lup
Chi Dra,18.350736,72.732843,3.55,Dra
Delta Pav,20.145157,-66.182068,3.55,Pav
Iota Cet,0.323799,-8.823921,3.56,Cet
Phi Eri,2.275154,-51.512165,3.56,Eri
Delta Crt,11.322347,-14.778541,3.56,Crt
Pipirima,16.872263,-38.017536,3.56,Sco
Kappa Gem,7.740793,24.397993,3.57,Gem
Alkaphrah,9.060427,47.156525,3.57,UMa
Rho Boo,14.5305,30.371437,3.57,Boo
Phi-1 Lup,15.36344,-36.261376,3.57,Lup
Lambda Gem,7.30155,16.540383,3.58,Gem
Algedi,20.300904,-12.544852,3.58,Cap
Nembus,1.633205,48.628213,3.59,And
Tau Ori,5.293442,-6.844409,3.59,Ori
Gamma Lep,5.741057,-22.448382,3.59,Lep
Zavijava,11.844922,1.764718,3.59,Vir
Ginan,12.356031,-60.401147,3.59,Cru
Theta Cet,1.40039,-8.183257,3.6,Cet
Theta Gem,6.879816,33.961254,3.6,Gem
Omicron Vel,8.671554,-52.921887,3.6,Vel
Psi Vel,9.511674,-40.466769,3.6,Vel
Upsilon Lib,15.61707,-28.135079,3.6,Lib
Delta Ara,17.518318,-60.683848,3.6,Ara
Bharani,2.833063,27.260507,3.61,Ari
Omicron Tau,3.413554,9.02887,3.61,Tau
Lambda Hya,10.176467,-12.354083,3.61,Hya
Delta Mus,13.037759,-71.548855,3.61,Mus
Eta Pav,17.762221,-64.723871,3.61,Pav
Alpherg,1.524725,15.345823,3.62,Psc
Atlas,3.819373,24.053415,3.62,Tau
HIP 37819,7.754249,-37.968584,3.62,Pup
Zeta-2 Sco,16.909731,-42.361313,3.62,Sco
Omicron And,23.032017,42.325979,3.62,And
Lambda Mus,11.760141,-66.728763,3.63,Mus
Rotanev,20.625816,14.595087,3.64,Del
Prima Hyadum,4.329889,15.627642,3.65,Tau
23 UMa,9.525453,63.061861,3.65,UMa
Beta Ser,15.769793,15.421826,3.65,Ser
Theta Ara,18.11052,-50.091477,3.65,Ara
Zeta-1 Aqr,22.480531,-0.019972,3.65,Aqr
Nusakan,15.463818,29.105703,3.66,CrB
Tau Lib,15.64427,-29.777754,3.66,Lib
Thuban,14.073165,64.37585,3.67,Dra
Beta Ind,20.913498,-58.454155,3.67,Ind
Pi-4 Ori,4.853434,5.605104,3.68,Ori
Alpha Pyx,8.726539,-33.186385,3.68,Pyx
Delta Sge,19.789795,18.534286,3.68,Sge
88 Aqr,23.157443,-21.17241,3.68,Aqr
Fulu,0.616188,53.896909,3.69,Cas
Chi Eri,1.932564,-51.608896,3.69,Eri
Saclateni,5.041301,41.075837,3.69,Aur
HIP 47854,9.754117,-62.507903,3.69,Car
Taiyangshou,11.767515,47.779406,3.69,UMa
Nashira,21.668181,-16.662308,3.69,Cap
Tau-4 Eri,3.325278,-21.757864,3.7,Eri
Xi Her,17.962744,29.24788,3.7,Her
Gamma Psc,23.286094,3.282289,3.7,Psc
Pi-5 Ori,4.904193,2.440672,3.71,Ori
Eta Lep,5.940082,-14.1677,3.71,Lep
HIP 38414,7.870288,-40.575786,3.71,Pup
Epsilon Ser,15.846935,4.47773,3.71,Ser
72 Oph,18.122496,9.563847,3.71,Oph
Alshain,19.921887,6.406763,3.71,Aql
Ran,3.548848,-9.458262,3.72,Eri
Electra,3.747927,24.113339,3.72,Tau
Delta Aur,5.992111,54.284656,3.72,Aur
Xi Cyg,21.082184,43.927852,3.72,Cyg
Xi Tau,3.45282,9.73268,3.73,Tau
109 Vir,14.770812,1.892885,3.73,Vir
Grumium,17.892134,56.872643,3.73,Dra
Nu Oct,21.691253,-77.390046,3.73,Oct
Lambda Aqr,22.87691,-7.579599,3.73,Aqr
Baten Kaitos,1.857676,-10.335038,3.74,Cet
Gamma Her,16.365338,19.15313,3.74,Her
Tau Cyg,21.246517,38.045317,3.74,Cyg
HIP 44511,9.069248,-47.097737,3.75,Vel
Gamma Oph,17.798211,2.707276,3.75,Oph
Beta Dor,5.560421,-62.489825,3.76,Dor
Delta Lep,5.855357,-20.879089,3.76,Lep
Beta Mon,6.480297,-7.033062,3.76,Mon
Omicron Sgr,19.07805,-21.741496,3.76,Sgr
Iota-2 Cyg,19.495098,51.729779,3.76,Cyg
Alpha Lac,22.521515,50.282491,3.76,Lac
Miram,2.844945,55.895496,3.77,Per
Nu Per,3.753232,42.578549,3.77,Per
Secunda Hyadum,4.382247,17.542514,3.77,Tau
Sigma Ori,5.645769,-2.600069,3.77,Ori
Beta Vol,8.428951,-66.13689,3.77,Vol
HIP 42570,8.677103,-46.648744,3.77,Vel
Eta Ara,16.82976,-59.041378,3.77,Ara
Sualocin,20.660635,15.912072,3.77,Del
Zeta Cap,21.444452,-22.411332,3.77,Cap
Iota Peg,22.116847,25.345112,3.77,Peg
Gamma-2 Vol,7.145788,-70.498932,3.78,Vol
Iota Gem,7.428779,27.79808,3.78,Gem
Upsilon UMa,9.849867,59.038735,3.78,UMa
HIP 53253,10.891559,-58.853171,3.78,Car
Zeta Boo,14.68582,13.7283,3.78,Boo
Albali,20.794598,-9.495776,3.78,Aqr
Misam,3.158258,44.857544,3.79,Per
Praecipua,10.888526,34.214871,3.79,LMi
Dalim,3.201249,-28.987618,3.8,For
HIP 37229,7.647186,-26.803836,3.8,Pup
Delta Ser,15.580041,10.538867,3.8,Ser
Kappa Cyg,19.28504,53.368459,3.8,Cyg
31 Cyg,20.227196,46.741329,3.8,Cyg
Theemin,4.592512,-30.562341,3.81,Eri
HIP 51232,10.464649,-58.739403,3.81,Car
Gamma CrB,15.712381,26.295637,3.81,CrB
Lambda And,23.626056,46.458152,3.81,And
Alrescha,2.034117,2.763759,3.82,Psc
38 Lyn,9.314069,36.802597,3.82,Lyn
Giausar,11.523407,69.331076,3.82,Dra
Marfik,16.515229,1.983923,3.82,Oph
Iota Her,17.657747,46.006332,3.82,Her
Mu Hya,10.434842,-16.83629,3.83,Hya
Phi Cen,13.971186,-42.100753,3.83,Cen
Alpha Aps,14.797701,-79.044751,3.83,Aps
Beta Ret,3.736593,-64.806903,3.84,Ret
Atik,3.738648,32.288248,3.84,Per
Theta-1 Tau,4.476248,15.962181,3.84,Tau
HIP 43783,8.917457,-60.644609,3.84,Car
Rho Leo,10.546853,9.306586,3.84,Leo
HIP 51986,10.621717,-48.22562,3.84,Vel
Gamma Mus,12.541134,-72.132988,3.84,Mus
Omicron Her,18.125708,28.762488,3.84,Her
Polis,18.229392,-21.058834,3.84,Sgr
Epsilon Dra,19.80285,70.26793,3.84,Dra
Alpha Hor,4.233363,-42.294368,3.85,Hor
Beta Pic,5.788079,-51.066514,3.85,Pic
Delta Col,6.368564,-33.4364,3.85,Col
HIP 50191,10.245607,-42.121942,3.85,Vel
Kappa Dra,12.558058,69.788238,3.85,Dra
Tau Cen,12.628394,-48.541304,3.85,Cen
Gamma Ser,15.940882,15.661617,3.85,Ser
109 Her,18.394967,21.769752,3.85,Her
Alpha Sct,18.586785,-8.244073,3.85,Sct
Mu And,0.945885,38.499345,3.86,And
Sceptrum,4.63634,-14.30402,3.86,Eri
Epsilon Col,5.520209,-35.470519,3.86,Col
Delta TrA,16.257297,-63.685682,3.86,TrA
Gamma Aps,16.557609,-78.897148,3.86,Aps
Theta Her,17.93755,37.250539,3.86,Her
Sadachbia,22.360938,-1.387331,3.86,Aqr
Maia,3.763779,24.367748,3.87,Tau
HIP 43023,8.767124,-46.041527,3.87,Vel
Upsilon-1 Cen,13.977987,-44.803584,3.87,Cen
Mu Vir,14.717673,-5.658207,3.87,Vir
Iklil,15.948077,-29.214073,3.87,Sco
Eta Aql,19.874547,1.005661,3.87,Aql
Epsilon Phe,0.156836,-45.747426,3.88,Phe
Mesarthim,1.89217,19.293852,3.88,Ari
Rasalas,9.879398,26.006951,3.88,Leo
Kappa-1 Lup,15.198918,-48.737819,3.88,Lup
Iota Gru,23.17264,-45.246711,3.88,Gru
Azha,2.940458,-8.898144,3.89,Eri
Omicron-1 CMa,6.902209,-24.184211,3.89,CMa
Theta Hya,9.239405,2.31428,3.89,Hya
Zaniah,12.331766,-0.666803,3.89,Vir
Eta Cyg,19.938438,35.083424,3.89,Cyg
Ukdah,9.664267,-1.14281,3.9,Hya
Pi Cen,11.350117,-54.491019,3.9,Cen
HIP 65936,13.517405,-39.407307,3.9,Cen
Nu Tau,4.052606,5.989305,3.91,Tau
HIP 41307,8.427676,-3.906424,3.91,Hya
Sigma Cen,12.467331,-50.230635,3.91,Cen
Pi Lup,15.085303,-47.051245,3.91,Lup
Zubenelhakrabi,15.592105,-14.789537,3.91,Lib
Tau Her,16.329011,46.313366,3.91,Her
Epsilon Her,17.004827,30.926405,3.92,Her
Rho-1 Sgr,19.361211,-17.847197,3.92,Sgr
Kitalpha,21.263731,5.247845,3.92,Equ
Kappa Phe,0.436716,-43.679829,3.93,Phe
Delta Phe,1.520851,-49.072702,3.93,Phe
Tau Per,2.904295,52.762479,3.93,Per
Nu Eri,4.605317,-3.352459,3.93,Eri
Zeta Vol,7.697004,-72.606098,3.93,Vol
HIP 54463,11.143165,-58.975037,3.93,Car
Omega-1 Sco,16.113452,-20.669192,3.93,Sco
67 Oph,18.010754,2.931568,3.93,Oph
Wurren,1.139742,-55.24576,3.94,Phe
Alpha Mon,7.687454,-9.551131,3.94,Mon
3 Pup,7.73013,-28.954826,3.94,Pup
Asellus Australis,8.74475,18.154309,3.94,Cnc
Nu Cyg,20.952893,41.167136,3.94,Cyg
50 Cas,2.057268,72.421294,3.95,Cas
Nu-2 CMa,6.611399,-19.255879,3.95,CMa
Zeta UMa,13.398996,54.920471,3.95,UMa
48 Per,4.144357,47.712513,3.96,Per
Eta Col,5.985778,-42.815135,3.96,Col
HIP 44248,9.010685,41.782911,3.96,Lyn
HIP 45101,9.187985,-62.316977,3.96,Car
Arkab Prior,19.377303,-44.458965,3.96,Sgr
Rukbat,19.398103,-40.61594,3.96,Sgr
32 Cyg,20.257867,47.714208,3.96,Cyg
98 Aqr,23.382842,-20.10058,3.96,Aqr
Beemim,4.400613,-34.016846,3.97,Eri
Nu Aur,5.858166,39.14848,3.97,Aur
Delta Vol,7.280508,-67.957152,3.97,Vol
Beta Pyx,8.668373,-35.308352,3.97,Pyx
Rho Cen,12.194202,-52.36846,3.97,Cen
Chi Lup,15.849316,-33.627165,3.97,Lup
Epsilon Pav,20.009845,-72.910504,3.97,Pav
Delta-1 Gru,22.487825,-43.495565,3.97,Gru
Lambda Peg,22.775521,23.565654,3.97,Peg
Menkib,3.98275,35.791033,3.98,Per
Rho Cyg,21.56635,45.591837,3.98,Cyg
Upsilon Cet,2.000084,-21.077831,3.99,Cet
Gamma Mon,6.247592,-6.274776,3.99,Mon
HIP 50954,10.406592,-74.031612,3.99,Car
Alcor,13.420413,54.987958,3.99,UMa
Gamma Tuc,23.290498,-58.235734,3.99,Tuc
Alpha Vol,9.040777,-66.396076,4.0,Vol
Iota Leo,11.398736,10.529509,4.0,Leo
Jabbah,16.199926,-19.460708,4.0,Sco
Phi Per,1.727675,50.688732,4.01,Per
Mu Eri,4.758375,-3.254657,4.01,Eri
Mekbuda,7.068481,20.570297,4.01,Gem
Omega CMa,7.246849,-26.772667,4.01,CMa
HIP 71865,14.699332,-37.793498,4.01,Cen
Theta Dra,16.031532,58.565251,4.01,Dra
Gamma-2 Nor,16.330687,-50.155508,4.01,Nor
Zeta Pav,18.71726,-71.428113,4.01,Pav
41 Cyg,20.489926,30.368555,4.01,Cyg
Gamma Pyx,8.842204,-27.709844,4.02,Pyx
Alchiba,12.140225,-24.728875,4.02,Crv
Epsilon Aql,18.993711,15.068298,4.02,Aql
12 Aql,19.028008,-5.739115,4.02,Aql
Gamma Tri,2.288573,33.847194,4.03,Tri
Beta Cam,5.05697,60.442245,4.03,Cam
Iota Cnc,8.778284,28.759898,4.03,Cnc
Mu-1 Cru,12.9099,-57.177924,4.03,Cru
70 Oph,18.090913,2.500099,4.03,Oph
Aldulfin,20.553547,11.303263,4.03,Del
Omega Psc,23.988525,6.863321,4.03,Psc
Beid,4.197761,-6.837581,4.04,Eri
Nu Vir,11.764322,6.529376,4.04,Vir
Theta Boo,14.419967,51.850744,4.04,Boo
Eta Aqr,22.589272,-0.117498,4.04,Aqr
Iota Per,3.151005,49.613278,4.05,Per
Alpha Cha,8.308703,-76.919722,4.05,Cha
HIP 42884,8.739987,-42.649276,4.05,Vel
Sigma Leo,11.352276,6.029322,4.05,Leo
Upsilon Boo,13.824623,15.797905,4.05,Boo
Psi Cen,14.342623,-37.885295,4.05,Cen
Rho Lup,14.631454,-49.425828,4.05,Lup
Tau-2 Aqr,22.826528,-13.592632,4.05,Aqr
Omicron-2 Ori,4.939521,13.514466,4.06,Ori
Upsilon Gem,7.598708,26.895741,4.06,Gem
Gamma Crt,11.414702,-17.68401,4.06,Crt
Epsilon Mus,12.292917,-67.960736,4.06,Mus
Zeta Cru,12.307298,-64.003071,4.06,Cru
HIP 72010,14.727624,-35.173655,4.06,Cen
Epsilon-1 Ara,16.993069,-53.160438,4.06,Ara
Syrma,14.266908,-6.000547,4.07,Vir
Lambda Lup,15.147394,-45.279857,4.07,Lup
Beta Cir,15.291917,-58.801208,4.07,Cir
Delta Cep,22.486183,58.415198,4.07,Cep
Zeta And,0.788981,24.267178,4.08,And
Delta Hyi,2.362498,-68.659418,4.08,Hyi
Delta Cet,2.658044,0.328511,4.08,Cet
Tau-3 Eri,3.039863,-23.624472,4.08,Eri
Theta CMa,6.903167,-12.038628,4.08,CMa
HIP 46974,9.574071,-59.229753,4.08,Car
Alkes,10.996244,-18.298783,4.08,Crt
13 Lyr,18.922249,43.946088,4.08,Lyr
Theta Cap,21.099118,-17.232861,4.08,Cap
1 Peg,21.36811,19.804508,4.08,Peg
Phi-2 Ori,5.615108,9.290673,4.09,Ori
Gudja,15.812327,18.141564,4.09,Ser
Titawin,1.613299,41.405459,4.1,And
Theta Per,2.736634,49.228448,4.1,Per
HIP 38164,7.820638,-46.373205,4.1,Pup
Zeta Tel,18.480505,-49.070588,4.1,Tel
Beta CrA,19.167154,-39.340796,4.1,CrA
Iota Eri,2.677781,-39.855375,4.11,Eri
Muliphein,7.062637,-15.633286,4.11,CMa
HIP 42312,8.627399,-42.989081,4.11,Vel
Zhang,9.85797,-14.846603,4.11,Hya
Gamma Cha,10.591166,-78.607786,4.11,Cha
HIP 57439,11.775232,-61.178398,4.11,Cen
Epsilon TrA,15.612,-66.317037,4.11,TrA
Meridiana,19.157869,-37.904474,4.11,CrA
Zeta Gru,23.014677,-52.754137,4.11,Gru
Epsilon Hyi,2.659799,-68.266946,4.12,Hyi
Mu Per,4.248295,48.409331,4.12,Per
Mu Ori,6.039722,9.647276,4.12,Ori
Omicron Vir,12.086817,8.732985,4.12,Vir
Iota Sgr,19.921026,-41.868288,4.12,Sgr
Omega Cap,20.863692,-26.919133,4.12,Cap
Delta-2 Gru,22.495955,-43.749224,4.12,Gru
29 Ori,5.399119,-7.808065,4.13,Ori
Nu Gem,6.482719,20.212133,4.13,Gem
Theta Lib,15.897093,-16.729293,4.13,Lib
Psi Cap,20.76826,-25.270898,4.13,Cap
Beta Oct,22.767692,-81.381615,4.13,Oct
Iota Psc,23.665844,5.626292,4.13,Psc
5 Tau,3.514549,12.936678,4.14,Tau
Merope,3.772104,23.948358,4.14,Tau
Delta Hya,8.627602,5.703782,4.14,Hya
Eta Cru,12.114687,-64.61373,4.14,Cru
Theta CrB,15.548829,31.359133,4.14,CrB
Epsilon CrB,15.959794,26.87788,4.14,CrB
Kappa Peg,21.744092,25.645036,4.14,Peg
1 Lac,22.26616,37.748737,4.14,Lac
Delta Mon,7.197739,-0.492764,4.15,Mon
Rho Her,17.394708,37.145946,4.15,Her
Kappa And,23.673469,44.333932,4.15,And
1 Gem,6.068671,23.263341,4.16,Gem
Rho Gem,7.485195,31.78455,4.16,Gem
44 Oph,17.439504,-24.175309,4.16,Oph
Kappa Cas,0.549997,62.931783,4.17,Cas
HIP 17874,3.824237,-36.20025,4.17,Eri
Ancha,22.280565,-7.78329,4.17,Aqr
Kang,14.214929,-10.273702,4.18,Vir
Xuange,14.273074,46.088305,4.18,Boo
HIP 81304,16.606242,-35.255326,4.18,Sco
Epsilon Cep,22.250544,57.043587,4.18,Cep
Epsilon PsA,22.677594,-27.043617,4.18,PsA
2 Cen,13.824091,-34.450776,4.19,Cen
110 Her,18.761035,20.546308,4.19,Her
32 Ori,5.51307,5.948139,4.2,Ori
11 Pup,7.94765,-22.880119,4.2,Pup
Beta LMi,10.464727,36.707212,4.2,LMi
Sigma Her,16.568384,42.437041,4.2,Her
Xi Peg,22.778216,12.172888,4.2,Peg
Delta PsA,22.932472,-32.539628,4.2,PsA
HIP 16228,3.484482,59.94033,4.21,Cam
Kappa-1 Tau,4.422822,22.293874,4.21,Tau
Epsilon UMi,16.766159,82.037262,4.21,UMi
Theta Cep,20.493015,62.994105,4.21,Cep
Gamma Pav,21.440705,-65.366198,4.21,Pav
16 Per,2.843063,38.318644,4.22,Per
Tau-6 Eri,3.780804,-23.249723,4.22,Eri
HIP 38518,7.888378,-48.102934,4.22,Pup
Theta Lup,16.109874,-36.802288,4.22,Lup
Chi Oph,16.450399,-18.456251,4.22,Oph
Phi Dra,18.345955,71.337814,4.22,Dra
Beta Sct,18.786242,-4.747867,4.22,Sct
Lambda Pav,18.870288,-62.187593,4.22,Pav
Delta-2 Lyr,18.908412,36.898613,4.22,Lyr
52 Cyg,20.761043,30.719715,4.22,Cyg
Sigma Cyg,21.290265,39.394681,4.22,Cyg
Phi Aqr,23.238711,-6.049003,4.22,Aqr
Zeta Tuc,0.334142,-64.874791,4.23,Tuc
Sigma Gem,7.721867,28.88351,4.23,Gem
Beta Com,13.197904,27.878183,4.23,Com
1 Cen,13.761471,-33.043721,4.23,Cen
Tau Vir,14.027443,1.544532,4.23,Vir
Phi Her,16.146162,44.934906,4.23,Her
Beta Aps,16.718126,-77.517435,4.23,Aps
Gamma CrA,19.106971,-37.063437,4.23,CrA
Mu Cep,21.725127,58.780046,4.23,Cep
Pi-2 Cyg,21.779891,49.30957,4.23,Cyg
HIP 5372,1.145613,86.25709,4.24,Cep
Kappa Eri,2.449755,-47.70384,4.24,Eri
Pi Cet,2.735375,-13.858696,4.24,Cet
Beta Cha,12.305812,-79.31224,4.24,Cha
Chara,12.562411,41.35748,4.24,CVn
HIP 80911,16.523037,-34.704366,4.24,Sco
Omicron Ser,17.690243,-12.875307,4.24,Ser
Psi-1 Aqr,23.264859,-9.087737,4.24,Aqr
Kappa Tuc,1.262704,-68.875927,4.25,Tuc
Lambda Per,4.109735,50.351262,4.25,Per
88 Tau,4.594239,10.16079,4.25,Tau
58 Per,4.611508,41.264808,4.25,Per
Lambda Eri,5.15244,-8.754081,4.25,Eri
Alsciaukat,8.380588,43.188131,4.25,Lyn
HIP 62896,12.890607,-40.178872,4.25,Cen
5 UMi,14.458758,75.695993,4.25,UMi
Nu Cep,21.75748,61.120806,4.25,Cep
Phi And,1.158368,47.241792,4.26,And
Torcular,1.756564,9.157736,4.26,Psc
82 G. Eri,3.331944,-43.069784,4.26,Eri
Tau-5 Eri,3.563132,-21.632883,4.26,Eri
Gamma Dor,4.267097,-51.486648,4.26,Dor
Alpha Cam,4.900836,66.342678,4.26,Cam
Acubens,8.974784,11.857701,4.26,Cnc
HIP 86170,17.609121,-38.635308,4.26,Sco
95 Her,18.025113,21.595782,4.26,Her
Kurhah,22.063135,64.627971,4.26,Cep
Epsilon Psc,1.049058,7.890135,4.27,Psc
Mu Cet,2.749039,10.114146,4.27,Cet
Mu Tau,4.258905,8.892357,4.27,Tau
90 Tau,4.635961,12.510838,4.27,Tau
Tau Tau,4.704084,22.956926,4.27,Tau
Xi-2 Cen,13.11518,-49.906246,4.27,Cen
Mu Lup,15.308897,-47.875272,4.27,Lup
Arkab Posterior,19.386976,-44.799778,4.27,Sgr
Gamma-2 Del,20.77764,16.124296,4.27,Del
Theta Psc,23.466138,6.378992,4.27,Psc
Upsilon Tau,4.438461,22.813583,4.28,Tau
HIP 47193,9.618151,81.326382,4.28,Dra
Alpha Ant,10.45253,-31.067779,4.28,Ant
45 Oph,17.455909,-29.867033,4.28,Oph
33 Cyg,20.223288,56.567722,4.28,Cyg
Iota Cap,21.370776,-16.834542,4.28,Cap
Pi-2 Peg,22.166457,33.178224,4.28,Peg
Theta Gru,23.11465,-43.520358,4.28,Gru
10 Tau,3.614551,0.401662,4.29,Tau
Lambda Lep,5.326257,-13.176788,4.29,Lep
HIP 52154,10.655112,-55.603268,4.29,Vel
Beta Hya,11.881813,-33.908124,4.29,Hya
Zeta UMi,15.734299,77.794493,4.29,UMi
Phi Oph,16.518991,-16.612733,4.29,Oph
Iota Aqr,22.107286,-13.869679,4.29,Aqr
Beta PsA,22.52509,-32.346073,4.29,PsA
Iota And,23.63561,43.268073,4.29,And
Alpha Scl,0.976766,-29.357449,4.3,Scl
Xi-2 Cet,2.469317,8.460054,4.3,Cet
Taygeta,3.75347,24.467278,4.3,Tau
HIP 17797,3.809963,-37.620155,4.3,Eri
Delta-3 Tau,4.424828,17.92791,4.3,Tau
Pi Aur,5.998917,45.936736,4.3,Aur
Eta Hya,8.72041,3.398662,4.3,Hya
54 Leo,10.92689,24.749718,4.3,Leo
Upsilon Leo,11.615814,-0.823749,4.3,Leo
HIP 57669,11.828077,-63.788478,4.3,Cen
Eta Crv,12.53451,-16.196007,4.3,Crv
HIP 70069,14.338763,-56.386497,4.3,Cen
Alpha-1 Cap,20.29413,-12.508212,4.3,Cap
HIP 42568,8.676953,-59.761003,4.31,Car
Delta Oct,14.448801,-83.667884,4.31,Oct
Alkalurops,15.408181,37.377167,4.31,Boo
Omega-2 Sco,16.123424,-20.868764,4.31,Sco
71 Aql,20.638967,-1.105121,4.31,Aql
Psi Per,3.608159,48.192634,4.32,Per
54 Eri,4.674031,-19.671493,4.32,Eri
119 Tau,5.536875,18.594234,4.32,Tau
Kappa Aur,6.256304,29.498076,4.32,Aur
12 Hya,8.772927,-13.54772,4.32,Hya
Alterf,9.528675,22.967971,4.32,Leo
Theta-1 Cru,12.050447,-63.31293,4.32,Cru
Diadem,13.166469,17.529431,4.32,Com
3 Cen,13.863779,-32.994089,4.32,Cen
Omicron Lup,14.860641,-43.575359,4.32,Lup
Nu Ser,17.347128,-12.846875,4.32,Ser
Gamma CMi,7.469387,8.92553,4.33,CMi
HIP 62867,12.885258,-48.943315,4.33,Cen
Tau-2 Lup,14.436336,-45.379276,4.33,Lup
Guniibuu,17.255836,-26.602829,4.33,Oph
Pi Pav,18.143,-63.668553,4.33,Pav
Kappa Lyr,18.331031,36.064547,4.33,Lyr
Alula Australis,11.303118,31.528783,4.33,UMa
Pi And,0.61468,33.719344,4.34,And
Epsilon And,0.642602,29.311751,4.34,And
Theta Cas,1.185017,55.149901,4.34,Cas
Delta Dor,5.746223,-65.735526,4.34,Dor
Xi-1 CMa,6.530935,-23.418422,4.34,CMa
Theta Cha,8.344115,-77.484477,4.34,Cha
HIP 45496,9.270024,-57.541473,4.34,Car
HIP 47175,9.613772,-49.355026,4.34,Vel
Upsilon-2 Cen,14.028748,-45.603421,4.34,Cen
Omega Lup,15.634232,-42.567348,4.34,Lup
Sigma Oph,17.441911,4.14036,4.34,Oph
Zeta-1 Lyr,18.746209,37.605115,4.34,Lyr
111 Her,18.783686,18.181519,4.34,Her
9 Peg,21.74186,17.350017,4.34,Peg
5 Lac,22.492173,47.706887,4.34,Lac
Botein,3.193822,19.726677,4.35,Ari
Pi-2 Ori,4.843534,8.900176,4.35,Ori
HIP 31407,6.58294,-52.975607,4.35,Car
15 Lyn,6.954612,58.422759,4.35,Lyn
Epsilon Vol,8.132173,-68.617062,4.35,Vol
Rho Hya,8.807214,5.837812,4.35,Hya
Gamma Com,12.448966,28.268423,4.35,Com
2 Lup,15.297178,-30.148673,4.35,Lup
Yildun,17.536918,86.58646,4.35,UMi
Xi Pav,18.387117,-61.493901,4.35,Pav
Theta Lyr,19.272804,38.133731,4.35,Lyr
Iota PsA,21.749113,-33.025781,4.35,PsA
Beta-1 Tuc,0.525725,-62.958218,4.36,Tuc
Eta Phe,0.722567,-57.46306,4.36,Phe
Xi-1 Cet,2.216665,8.846717,4.36,Cet
Sigma Per,3.509579,47.995216,4.36,Per
37 Tau,4.078253,22.081926,4.36,Tau
Omega Eri,4.881575,-5.452695,4.36,Eri
Kappa Lep,5.220522,-12.941291,4.36,Lep
Gamma Col,5.958947,-35.28328,4.36,Col
Iota CMa,6.935618,-17.054242,4.36,CMa
Zeta Mon,8.143236,-2.983786,4.36,Mon
Chi Cen,14.10077,-41.179633,4.36,Cen
Iota Aql,19.612022,-1.286601,4.36,Aql
30 Psc,0.032672,-6.014072,4.37,Psc
Kappa Col,6.275871,-35.140519,4.37,Col
Tau CMa,7.311802,-24.954375,4.37,CMa
HIP 53773,11.002572,-42.225859,4.37,Vel
102 Her,18.14597,20.814557,4.37,Her
Theta-1 Sgr,19.995605,-35.276305,4.37,Sgr
Theta Vir,13.165831,-5.53901,4.38,Vir
Kappa Cep,20.148145,77.711419,4.38,Cep
99 Aqr,23.434108,-20.642014,4.38,Aqr
Beta Scl,23.549512,-37.818268,4.38,Scl
Psi Phe,1.894102,-46.302669,4.39,Phe
HIP 17884,3.825357,65.525972,4.39,Cam
Phi-1 Ori,5.580344,9.489579,4.39,Ori
Chi-1 Ori,5.906386,20.276174,4.39,Ori
Epsilon Mon,6.396135,4.592865,4.39,Mon
HIP 39311,8.03776,2.334571,4.39,CMi
31 Leo,10.131742,9.997508,4.39,Leo
110 Vir,15.048344,2.091303,4.39,Vir
Iota Oph,16.900131,10.165359,4.39,Oph
Xi Oph,17.350101,-21.112933,4.39,Oph
Sham,19.668275,18.01389,4.39,Sge
Beta Sge,19.68415,17.476041,4.39,Sge
Theta Ind,21.331096,-53.449427,4.39,Ind
Eta And,0.953445,23.417648,4.4,And
Omicron Pup,7.801436,-25.937169,4.4,Pup
16 Pup,8.150455,-19.245014,4.4,Pup
Kappa Pav,18.949177,-67.233495,4.4,Pav
Delta Ind,21.965293,-54.992575,4.4,Ind
HIP 32761,6.830921,-53.622449,4.41,Car
Tau Gem,7.185659,30.245163,4.41,Gem
HIP 70300,14.383956,-39.511819,4.41,Cen
Maasym,17.512308,26.110645,4.41,Her
Nu Her,17.975041,30.189277,4.41,Her
Upsilon Cyg,21.298632,34.896898,4.41,Cyg
Pi Cep,23.131623,75.387496,4.41,Cep
Psi-2 Aqr,23.298393,-9.182513,4.41,Aqr
Gamma Scl,23.313733,-32.532027,4.41,Scl
Nu Ori,6.126201,14.768472,4.42,Ori
Nu-3 CMa,6.631506,-18.237478,4.42,CMa
HIP 34922,7.225637,-44.639739,4.42,Pup
27 CMa,7.237559,-26.352507,4.42,CMa
HIP 40326,8.234143,-40.34789,4.42,Pup
60 Leo,11.038827,20.179842,4.42,Leo
58 Hya,14.838147,-27.960371,4.42,Hya
Lambda Ser,15.77406,7.353073,4.42,Ser
68 Oph,18.029222,1.305076,4.42,Oph
Beta Lac,22.392675,52.229046,4.42,Lac
Alkarab,23.422993,23.404101,4.42,Peg
Pi Eri,3.769037,-12.101589,4.43,Eri
Keid,4.254537,-7.652871,4.43,Eri
7 Cam,4.95478,53.752101,4.43,Cam
Aladfar,19.229302,39.145968,4.43,Lyr
62 Sgr,20.044299,-27.709845,4.43,Sgr
39 Cyg,20.397671,32.190172,4.43,Cyg
Delta Del,20.724315,15.074581,4.43,Del
3 Aqr,20.795621,-5.027701,4.43,Aqr
7 Cet,0.244005,-18.932866,4.44,Cet
Delta Psc,0.811373,7.585079,4.44,Psc
Epsilon Ret,4.274738,-59.302156,4.44,Ret
Alpha Cae,4.676039,-41.863752,4.44,Cae
2 Lyn,6.327052,59.010964,4.44,Lyn
HIP 36795,7.567551,-22.296067,4.44,Pup
HIP 40091,8.189304,-39.618545,4.44,Pup
HIP 40706,8.309258,-36.659288,4.44,Pup
Sigma Lup,14.543629,-50.457157,4.44,Lup
Anser,19.478427,24.664905,4.44,Vul
Nu Psc,1.690526,5.487613,4.45,Psc
Beta For,2.818169,-32.405898,4.45,For
Iota Lep,5.204973,-11.869219,4.45,Lep
Xi Ori,6.198999,14.208765,4.45,Ori
Minchir,8.645955,3.341435,4.45,Hya
HIP 44191,9.001505,-41.253605,4.45,Vel
HIP 51849,10.59314,-57.557636,4.45,Car
Delta-2 Cha,10.763087,-80.540188,4.45,Cha
Phi Leo,11.277695,-3.651601,4.45,Leo
Omega Oph,16.535611,-21.46639,4.45,Oph
Tau Dra,19.259229,73.355468,4.45,Dra
Mu Aql,19.568153,7.378941,4.45,Aql
Iota Cas,2.484437,67.402474,4.46,Cas
32 Eri,3.904862,-2.95473,4.46,Eri
Rho Ori,5.221523,2.861265,4.46,Ori
15 UMa,9.147863,51.604648,4.46,UMa
Beta Crt,11.194302,-22.825847,4.46,Crt
HIP 59173,12.134788,-50.661278,4.46,Cen
Epsilon Nor,16.453067,-47.554786,4.46,Nor
Gamma PsA,22.875427,-32.875504,4.46,PsA
Tau-1 Eri,2.751715,-18.572563,4.47,Eri
HIP 15549,3.338989,29.048458,4.47,Ari
Pi-6 Ori,4.975806,1.714016,4.47,Ori
Lambda CMa,6.469503,-32.58007,4.47,CMa
13 Mon,6.548396,7.332965,4.47,Mon
HIP 38957,7.970678,-49.244912,4.47,Pup
HIP 44599,9.085785,-72.602705,4.47,Car
Kappa Leo,9.410906,26.182324,4.47,Leo
26 UMa,9.580405,52.051477,4.47,UMa
HIP 57803,11.852419,-45.17347,4.47,Cen
Sigma Boo,14.578,29.74513,4.47,Boo
16 Lib,14.953055,-4.346462,4.47,Lib
Delta Equ,21.241337,10.006981,4.47,Equ
Lambda Gru,22.101914,-39.543353,4.47,Gru
Omicron Cas,0.74542,48.284364,4.48,Cas
Gamma Ret,4.014946,-62.159284,4.48,Ret
71 Tau,4.439094,15.618265,4.48,Tau
18 Mon,6.79768,2.412159,4.48,Mon
Alpha Sex,10.1323,-0.371637,4.48,Sex
Gamma Cir,15.389625,-59.320787,4.48,Cir
Psi Oph,16.401718,-20.037327,4.48,Oph
Fumalsamakah,23.064615,3.820045,4.48,Psc
86 Aqr,23.111345,-23.743115,4.48,Aqr
48 Cas,2.032644,70.90702,4.49,Cas
Upsilon-1 Eri,4.55849,-29.766492,4.49,Eri
30 Gem,6.733137,13.228017,4.49,Gem
HIP 34834,7.20935,-46.759305,4.49,Pup
HIP 38455,7.877402,-38.862812,4.49,Pup
21 LMi,10.123821,35.244693,4.49,LMi
Pi-1 Boo,14.678768,16.418324,4.49,Boo
Theta Cyg,19.607372,50.221103,4.49,Cyg
24 Cap,21.118797,-25.005853,4.49,Cap
Mu-1 Cyg,21.73571,28.742632,4.49,Cyg
Lambda Psc,23.700779,1.780041,4.49,Psc
Omega-2 Aqr,23.712039,-14.544905,4.49,Aqr
Epsilon Tuc,23.998594,-65.577132,4.49,Tuc
Omega Ori,5.653096,4.121467,4.5,Ori
Gamma Pic,5.830451,-56.166663,4.5,Pic
HIP 43105,8.778487,-56.769776,4.5,Car
HIP 50676,10.348557,-56.04322,4.5,Vel
93 Leo,11.799762,20.218931,4.5,Leo
Tau Boo,13.78771,17.456906,4.5,Boo
23 Vul,20.262816,27.814242,4.5,Vul
Nu Aqr,21.159902,-11.371693,4.5,Aqr
36 Cap,21.478721,-21.80718,4.5,Cap
Mu PsA,22.139722,-32.988468,4.5,PsA
HIP 109754,22.231312,39.714927,4.5,Lac
11 Lac,22.675233,44.276305,4.5,Lac
Sigma And,0.305463,36.785224,4.51,And
Tau Psc,1.194342,30.089638,4.51,Psc
Tau Aur,5.819567,39.181071,4.51,Aur
Epsilon Ant,9.487423,-35.951335,4.51,Ant
HIP 47391,9.655839,-61.32806,4.51,Car
Iota Ser,15.692516,19.670401,4.51,Ser
Rho Dra,20.04696,67.873565,4.51,Dra
Eta Ind,20.733966,-51.920971,4.51,Ind
Epsilon Cap,21.618008,-19.466011,4.51,Cap
Delta Tuc,22.455531,-64.966354,4.51,Tuc
Rho Cas,23.906398,57.499382,4.51,Cas
Lilii Borea,2.79848,29.247118,4.52,Ari
HIP 65271,13.377211,-60.988393,4.52,Cen
HIP 65387,13.400128,-64.535668,4.52,Cen
Khambalia,14.318498,-13.371095,4.52,Vir
Psi Boo,15.074098,26.947649,4.52,Boo
Epsilon Tel,18.187157,-45.954418,4.52,Tel
Upsilon Sgr,19.362117,-15.955018,4.52,Sgr
HIP 102431,20.755878,57.579725,4.52,Cep
2 Peg,21.499137,23.638838,4.52,Peg
6 Lac,22.508128,43.123376,4.52,Lac
Beta-2 Tuc,0.525946,-62.965561,4.53,Tuc
Nu And,0.830234,41.078911,4.53,And
HIP 28413,6.00093,-3.074253,4.53,Ori
HIP 37096,7.622809,-34.96853,4.53,Pup
Kappa-2 Boo,14.224718,51.789965,4.53,Boo
HIP 85365,17.443856,-5.086596,4.53,Oph
3 Sgr,17.792674,-27.830788,4.53,Sgr
Lambda Cyg,20.790149,36.490717,4.53,Cyg
7 And,23.20916,49.406207,4.53,And
16 Aur,5.302935,33.371613,4.54,Aur
Xi-2 CMa,6.584274,-22.964793,4.54,CMa
Tau-2 Hya,9.533036,-1.184664,4.54,Hya
10 LMi,9.570384,36.397558,4.54,LMi
24 UMa,9.574703,69.830343,4.54,UMa
Xi Boo,14.856493,19.10046,4.54,Boo
Iota-1 Lib,15.203692,-19.79171,4.54,Lib
Phi-2 Lup,15.385931,-36.858489,4.54,Lup
59 Sgr,19.94912,-27.169899,4.54,Sgr
55 Peg,23.116739,9.409492,4.54,Peg
70 Peg,23.485915,12.760554,4.54,Peg
2 Cet,0.06233,-17.335988,4.55,Cet
HIP 16281,3.49854,58.87875,4.55,Cam
Gamma-1 Cae,5.07344,-35.482978,4.55,Cae
HIP 33694,7.001081,76.977408,4.55,Cam
6 CMi,7.496606,12.006564,4.55,CMi
Phi UMa,9.868433,54.064332,4.55,UMa
HIP 76371,15.598126,-44.958389,4.55,Lup
Omicron Sco,16.343939,-24.16932,4.55,Sco
HIP 88839,18.134716,-28.457093,4.55,Sgr
11 Cep,21.698652,71.311417,4.55,Cep
2 Lac,22.350428,46.536569,4.55,Lac
4 Lac,22.408609,49.476392,4.55,Lac
17 Per,2.858566,35.059741,4.56,Per
Delta Ret,3.979095,-61.400185,4.56,Ret
136 Tau,5.88879,27.612262,4.56,Tau
HIP 44700,9.108825,38.452215,4.56,Lyn
72 Leo,11.253397,23.095502,4.56,Leo
Tau-1 Lup,14.435619,-45.221424,4.56,Lup
Sigma Ara,17.594332,-46.505684,4.56,Ara
31 Vul,20.868801,27.096979,4.56,Vul
63 Cyg,21.110026,47.648403,4.56,Cyg
HIP 16870,3.618244,-40.274545,4.57,Eri
Cujam,16.423598,14.03327,4.57,Her
Rho Oph,16.426422,-23.447178,4.57,Oph
Dziban,17.698978,72.148843,4.57,Dra
113 Her,18.912468,22.645076,4.57,Her
Delta CrA,19.139156,-40.496703,4.57,CrA
13 Vul,19.891026,24.079614,4.57,Vul
42 Ori,5.589768,-4.838358,4.58,Ori
HIP 48374,9.861298,-46.54762,4.58,Vel
HIP 52468,10.725639,-60.566619,4.58,Car
HIP 64425,13.204892,-59.920579,4.58,Cen
10 Dra,13.857205,64.723272,4.58,Dra
13 Sco,16.205057,-27.926372,4.58,Sco
Mu Oph,17.630754,-8.118771,4.58,Oph
Salm,23.343956,23.740337,4.58,Peg
Mu Phe,0.688766,-46.085007,4.59,Phe
HIP 17351,3.713908,-37.313518,4.59,Eri
Gamma Cam,3.839302,71.332266,4.59,Cam
Psi-2 Ori,5.447286,3.095674,4.59,Ori
Pi-2 UMa,8.67024,64.327936,4.59,UMa
Tau-1 Hya,9.485805,-2.768964,4.59,Hya
HIP 50555,10.326877,-55.029305,4.59,Vel
HIP 54751,11.210005,-60.317625,4.59,Car
Delta CrB,15.82657,26.068394,4.59,CrB
2 Sco,15.893533,-25.327142,4.59,Sco
Epsilon-2 Lyr,18.739661,39.612721,4.59,Lyr
52 Sgr,19.611786,-24.883623,4.59,Sgr
Delta Scl,23.815427,-28.130268,4.59,Scl
HIP 20070,4.304056,50.295502,4.6,Per
Upsilon-2 Hya,10.085408,-13.064626,4.6,Hya
Iota Ant,10.945289,-37.137765,4.6,Ant
Omicron Boo,14.754017,16.96428,4.6,Boo
HIP 75501,15.422285,-38.73362,4.6,Lup
Chi Her,15.877903,42.451518,4.6,Her
Pi Dra,19.344467,65.714531,4.6,Dra
33 Psc,0.088928,-5.707618,4.61,Psc
Theta And,0.284863,38.681636,4.61,And
Xi Psc,1.892597,3.187536,4.61,Psc
Omega Per,3.188163,39.611582,4.61,Per
21 Lyn,7.445237,49.211527,4.61,Lyn
HIP 39095,7.997792,-18.399228,4.61,Pup
37 Lib,15.569638,-10.064529,4.61,Lib
47 Cyg,20.565052,35.250852,4.61,Cyg
Castula,0.944432,59.181056,4.62,Cas
Tau-9 Eri,3.998745,-24.016215,4.62,Eri
Iota Tau,5.051596,21.589962,4.62,Tau
Upsilon Ori,5.532183,-7.301537,4.62,Ori
Kappa Pyx,9.134133,-25.858536,4.62,Pyx
Chi Leo,11.083619,7.336007,4.62,Leo
HIP 54301,11.109015,-62.424113,4.62,Car
HIP 56480,11.579355,-54.264091,4.62,Cen
HIP 62327,12.772981,-56.488815,4.62,Cru
Lambda Cru,12.910889,-59.146701,4.62,Cru
Upsilon Oph,16.463385,-8.371731,4.62,Oph
Zeta Ser,18.008058,-3.690269,4.62,Ser
Theta CrA,18.558383,-42.31251,4.62,CrA
Alya,18.936995,4.203595,4.62,Ser
Epsilon Ari,2.986868,21.340429,4.63,Ari
1 Pup,7.725663,-28.410885,4.63,Pup
HIP 38500,7.884344,-49.613044,4.63,Pup
HIP 42835,8.727882,-7.23373,4.63,Hya
HIP 45448,9.262522,-37.413144,4.63,Vel
HIP 61789,12.664594,-39.987302,4.63,Cen
83 UMa,13.678967,54.681634,4.63,UMa
HIP 73199,14.959743,65.93246,4.63,UMi
1 Sco,15.849652,-25.751295,4.63,Sco
Iota-1 Nor,16.058931,-57.775064,4.63,Nor
Nu Pav,18.522896,-62.278302,4.63,Pav
Omicron Dra,18.853348,59.388351,4.63,Dra
Psi Peg,23.962647,25.141401,4.63,Peg
Tau-8 Eri,3.895195,-24.61223,4.64,Eri
Pi-1 Ori,4.914924,10.150833,4.64,Ori
Chi-2 Ori,6.065329,20.138452,4.64,Ori
HIP 67234,13.777604,-51.432766,4.64,Cen
Zeta-1 CrB,15.656299,36.635812,4.64,CrB
HIP 76829,15.686505,-44.661205,4.64,Lup
20 Oph,16.830563,-10.783,4.64,Oph
69 Her,17.294517,37.291498,4.64,Her
71 Oph,18.121767,8.733867,4.64,Oph
Nu Aql,19.441969,0.33857,4.64,Aql
Zeta Del,20.588482,14.674213,4.64,Del
9 Lac,22.622899,51.545123,4.64,Lac
3 And,23.069702,50.052091,4.64,And
35 Ari,2.724198,27.707146,4.65,Ari
Rho Tau,4.564143,14.844424,4.65,Tau
11 Ori,5.076153,15.404105,4.65,Ori
HIP 27890,5.901658,-63.089627,4.65,Dor
HIP 35363,7.30511,-36.733962,4.65,Pup
HIP 36514,7.511834,-30.962281,4.65,Pup
HIP 36917,7.589694,-28.369323,4.65,Pup
HIP 51192,10.456798,-57.638805,4.65,Car
Pi Vir,12.014553,6.614322,4.65,Vir
Eta Nor,16.053579,-49.229695,4.65,Nor
HYG 118632,9.511764,-40.465622,4.65,Vel
Chi Psc,1.190894,21.03465,4.66,Psc
Chi Cet,1.826418,-10.68641,4.66,Cet
15 Mon,6.682961,9.895754,4.66,Mon
Pi CMa,6.927064,-20.136497,4.66,CMa
HIP 35205,7.276387,-27.881179,4.66,CMa
Asellus Borealis,8.721431,21.468501,4.66,Cnc
HIP 44626,9.093994,-70.538497,4.66,Car
Omega UMa,10.899648,43.189956,4.66,UMa
Chi Vir,12.654102,-7.995564,4.66,Vir
HIP 62012,12.709858,-48.813109,4.66,Cen
Psi-1 Lup,15.662772,-34.411926,4.66,Lup
Gamma-1 Sgr,18.083674,-29.580087,4.66,Sgr
HIP 89678,18.300886,-27.042641,4.66,Sgr
Zeta Sct,18.394329,-8.934383,4.66,Sct
15 Vul,20.018346,27.753573,4.66,Vul
Phi Psc,1.229152,24.583713,4.67,Psc
34 Per,3.489456,49.508948,4.67,Per
52 Per,4.248143,40.483671,4.67,Per
Sigma-2 Tau,4.654583,15.917977,4.67,Tau
Theta Lep,6.10259,-14.935254,4.67,Lep
Tegmine,8.203535,17.647771,4.67,Cnc
Tau UMa,9.181941,63.513633,4.67,UMa
93 Her,18.000949,16.750919,4.67,Her
Gamma Sct,18.486626,-14.565813,4.67,Sct
Epsilon-1 Lyr,18.738984,39.670123,4.67,Lyr
Alsafi,19.539149,69.661175,4.67,Dra
Gamma Mic,21.021517,-32.257767,4.67,Mic
Chi Cas,1.565528,59.23204,4.68,Cas
Eta-2 Hyi,1.915572,-67.647303,4.68,Hyi
Nu For,2.074844,-29.296819,4.68,For
Pi Per,2.979352,39.662728,4.68,Per
HIP 43878,8.938686,-52.723475,4.68,Vel
HIP 47310,9.640913,4.649293,4.68,Hya
Pi Leo,10.003557,8.044223,4.68,Leo
37 LMi,10.645337,31.976237,4.68,LMi
74 Vir,13.532746,-6.255816,4.68,Vir
24 CVn,13.57425,49.015973,4.68,CVn
Delta-1 Aps,16.339119,-78.695745,4.68,Aps
Phi Cyg,19.656279,30.153321,4.68,Cyg
Bunda,21.629197,-7.854201,4.68,Aqr
66 Aqr,22.726454,-18.830375,4.68,Aqr
Pi Tau,4.443437,14.713782,4.69,Tau
Lambda Aur,5.318995,40.099051,4.69,Aur
HIP 37173,7.638346,-25.364804,4.69,Pup
HIP 38089,7.805608,-47.077722,4.69,Pup
28 Mon,8.020371,-1.392608,4.69,Mon
HIP 52102,10.645834,-59.182997,4.69,Car
Iota Cru,12.76055,-60.981318,4.69,Cru
Azelfafage,21.701573,51.189622,4.69,Cyg
Epsilon Ind,22.055486,-56.785977,4.69,Ind
Iota Phe,23.584599,-42.615075,4.69,Phe
HIP 24927,5.340811,-21.239763,4.7,Lep
Theta Crt,11.611365,-9.802247,4.7,Crt
Omicron Hya,11.670221,-34.74466,4.7,Hya
Zeta-1 Sco,16.899924,-42.362025,4.7,Sco
Delta Sct,18.704563,-9.052549,4.7,Sct
Terebellum,19.930651,-26.299506,4.7,Sgr
Gamma Equ,21.172361,10.131579,4.7,Equ
HIP 113116,22.906789,84.346177,4.7,Cep
101 Aqr,23.554618,-20.914504,4.7,Aqr
Lambda Cet,2.99525,8.907365,4.71,Cet
Kappa Ret,3.489558,-62.937527,4.71,Ret
Omicron-1 Ori,4.875545,14.250642,4.71,Ori
Zeta Dor,5.091853,-57.472704,4.71,Dor
31 Ori,5.49555,-1.092239,4.71,Ori
Chi Aur,5.545465,32.192022,4.71,Aur
Theta Pyx,9.35822,-25.965439,4.71,Pyx
Lambda Pyx,9.386739,-28.833873,4.71,Pyx
Zeta Crt,11.746049,-18.350674,4.71,Crt
HIP 63945,13.104642,-48.463289,4.71,Cen
HIP 68191,13.960809,-63.686696,4.71,Cen
Libertas,19.904134,8.461453,4.71,Aql
Epsilon Mic,21.298966,-32.172539,4.71,Mic
89 Aqr,23.165249,-22.457611,4.71,Aqr
Psi Cas,1.432208,68.130012,4.72,Cas
22 Ori,5.362708,-0.382465,4.72,Ori
Upsilon Aur,5.850675,37.305573,4.72,Aur
Delta Pic,6.171642,-54.968645,4.72,Pic
19 Pup,8.187863,-12.926999,4.72,Pup
HIP 46371,9.45511,-22.343783,4.72,Hya
30 LMi,10.431895,33.79612,4.72,LMi
HIP 51438,10.505581,-71.992793,4.72,Car
HIP 51658,10.553865,40.42556,4.72,UMa
Theta-2 Cru,12.072008,-63.165711,4.72,Cru
11 Com,12.345286,17.792868,4.72,Com
20 CVn,13.292379,40.572608,4.72,CVn
Upsilon Her,16.046634,46.036705,4.72,Her
41 Oph,17.276857,-0.445297,4.72,Oph
Kappa Cap,21.710973,-18.866323,4.72,Cap
65 And,2.42706,50.278631,4.73,And
38 Gem,6.910732,13.177827,4.73,Gem
HIP 40096,8.190526,-42.987278,4.73,Pup
61 Leo,11.030465,-2.484585,4.73,Leo
Delta Nor,16.108176,-45.173185,4.73,Nor
Tau CrB,16.149529,36.490944,4.73,CrB
Mu Aqr,20.877565,-8.983318,4.73,Aqr
Lambda Cas,0.529539,54.522289,4.74,Cas
Upsilon Psc,1.324443,27.264059,4.74,Psc
Sigma Cet,2.534786,-15.244677,4.74,Cet
HIP 12413,2.663326,-42.89167,4.74,Eri
HIP 15520,3.333129,65.652292,4.74,Cam
17 Eri,3.510294,-5.075145,4.74,Eri
HIP 39903,8.150213,-61.302429,4.74,Car
HIP 42624,8.686982,-47.317125,4.74,Vel
Rho UMa,9.04242,67.629619,4.74,UMa
61 Vir,13.306763,-18.311196,4.74,Vir
HIP 69191,14.165242,-53.438946,4.74,Cen
Rho Ser,15.85442,20.977919,4.74,Ser
4 Sgr,17.996543,-23.816133,4.74,Sgr
Zeta CrA,19.051907,-42.095105,4.74,CrA
8 Cyg,19.529534,34.452968,4.74,Cyg
59 Cyg,20.997098,47.520951,4.74,Cyg
Omicron Aqr,22.055234,-2.155363,4.74,Aqr
HIP 116602,23.630827,-45.492351,4.74,Phe
HIP 35020,7.243928,-48.271927,4.75,Pup
Mu Mus,11.80403,-66.81491,4.75,Mus
4 Cen,13.886817,-31.927612,4.75,Cen
Iota Boo,14.269439,51.367231,4.75,Boo
Kappa Lib,15.699111,-19.678828,4.75,Lib
Psi-2 Lup,15.711395,-34.710407,4.75,Lup
Phi-1 Pav,20.593003,-60.581749,4.75,Pav
Omicron Cep,23.3104,68.111445,4.75,Cep
Lambda-1 Phe,0.523594,-48.803514,4.76,Phe
Nu Hyi,2.841255,-75.066947,4.76,Hyi
Angetenar,2.850645,-21.004019,4.76,Eri
56 Ori,5.874011,1.855134,4.76,Ori
HIP 29997,6.314105,69.319787,4.76,Cam
HIP 38901,7.961141,-30.33457,4.76,Pup
HIP 47522,9.688058,-23.591514,4.76,Hya
HIP 52370,10.703926,-64.466426,4.76,Car
55 UMa,11.318864,38.185557,4.76,UMa
5 CVn,12.400414,51.562257,4.76,CVn
36 Com,12.982068,17.409446,4.76,Com
69 Vir,13.457546,-15.973578,4.76,Vir
HIP 67665,13.863188,34.44424,4.76,CVn
HIP 70264,14.376971,-58.459117,4.76,Cen
Zeta Aps,17.366531,-67.770668,4.76,Aps
Lambda Ara,17.673276,-49.415587,4.76,Ara
1 Vul,19.270289,21.390428,4.76,Vul
9 Cep,21.632007,62.08194,4.76,Cep
56 Peg,23.118539,25.468259,4.76,Peg
Phi-1 Cet,0.7365,-10.60955,4.77,Cet
HIP 14382,3.092338,56.705719,4.77,Per
49 Ori,5.648079,-7.212829,4.77,Ori
17 Mon,6.788842,8.037254,4.77,Mon
26 Hya,9.329551,-11.974853,4.77,Hya
87 Leo,11.505248,-3.003501,4.77,Leo
Psi Vir,12.905879,-9.538994,4.77,Vir
Omega Dra,17.615859,68.75797,4.77,Dra
Tau Oph,18.051367,-8.180349,4.77,Oph
45 Dra,18.542923,57.045599,4.77,Dra
HIP 98761,20.059291,-37.940699,4.77,Sgr
34 Cyg,20.296445,38.03293,4.77,Cyg
Alshat,20.344393,-12.75908,4.77,Cap
Rho Cap,20.481004,-17.813687,4.77,Cap
HIP 112519,22.791378,83.15383,4.77,Cep
Theta Oct,0.026616,-77.065724,4.78,Oct
20 Cet,0.883471,-1.14426,4.78,Cet
58 And,2.141454,37.859077,4.78,And
HIP 17587,3.767314,63.345047,4.78,Cam
HIP 21029,4.509342,16.194014,4.78,Tau
64 Eri,4.998816,-12.537416,4.78,Eri
HIP 26199,5.584078,-6.002027,4.78,Ori
27 Lyn,8.140963,51.50667,4.78,Lyn
HIP 40274,8.224866,-35.899518,4.78,Pup
Theta Ant,9.736694,-27.769471,4.78,Ant
40 Leo,10.328938,19.470914,4.78,Leo
12 Com,12.375087,25.84616,4.78,Com
Sigma Vir,13.293412,5.469869,4.78,Vir
HIP 70104,14.345159,-45.18706,4.78,Lup
51 Hya,14.384942,-27.754017,4.78,Hya
51 Oph,17.523598,-23.962643,4.78,Oph
Iota-2 Sco,17.83642,-40.090435,4.78,Sco
HIP 92024,18.757465,-64.871259,4.78,Pav
32 Peg,22.355372,28.330529,4.78,Peg
35 Peg,22.464312,4.695664,4.78,Peg
Chi Peg,0.243378,20.206702,4.79,Peg
Lambda Ari,1.965478,23.596061,4.79,Ari
2 Aur,4.877218,36.703187,4.79,Aur
HIP 41039,8.375471,-48.490381,4.79,Vel
HIP 45856,9.349117,-62.404632,4.79,Car
Eta Mus,13.25416,-67.894589,4.79,Mus
Kappa CrB,15.85387,35.657382,4.79,CrB
22 Sco,16.503466,-25.115224,4.79,Sco
HIP 87220,17.819577,-31.703203,4.79,Sco
66 Oph,18.004388,4.368615,4.79,Oph
HIP 99824,20.254415,25.591957,4.79,Vul
24 Cep,22.163441,72.341207,4.79,Cep
Mu-1 Gru,22.260253,-41.3467,4.79,Gru
Xi Cas,0.701081,50.512526,4.8,Cas
HIP 4151,0.884511,61.12397,4.8,Cas
Zibal,3.263896,-8.81973,4.8,Eri
53 Per,4.359211,46.498878,4.8,Per
Delta-2 Tau,4.401599,17.44413,4.8,Tau
Psi Eri,5.023985,-7.173965,4.8,Eri
Psi-2 Aur,6.655507,42.488877,4.8,Aur
Sigma-2 UMa,9.173204,67.134018,4.8,UMa
18 UMa,9.269808,54.021857,4.8,UMa
27 Hya,9.341394,-9.555695,4.8,Hya
HIP 52502,10.735258,-63.961072,4.8,Car
23 Com,12.580857,22.629259,4.8,Com
41 Com,13.119646,27.624741,4.8,Com
4 UMi,14.147498,77.547514,4.8,UMi
HIP 69879,14.29995,35.509505,4.8,Boo
34 Boo,14.723712,26.52785,4.8,Boo
Omega Boo,15.035141,25.008138,4.8,Boo
HIP 79881,16.304973,-28.61402,4.8,Sco
68 Her,17.288769,33.1001,4.8,Her
30 Cyg,20.22168,46.815675,4.8,Cyg
57 Cyg,20.887431,44.38726,4.8,Cyg
Theta-1 Mic,21.346008,-40.809465,4.8,Mic
Pi Aqr,22.421284,1.377401,4.8,Aqr
Omicron Peg,22.695947,29.307641,4.8,Peg
Alula Australis B,11.303118,31.528783,4.8,UMa
15 Ori,5.161654,15.597232,4.81,Ori
Theta Dor,5.229288,-67.185255,4.81,Dor
Omicron Col,5.291411,-34.895207,4.81,Col
139 Tau,5.966571,25.953912,4.81,Tau
HIP 39138,8.005547,-63.567456,4.81,Car
HIP 47029,9.584399,39.621493,4.81,Lyn
Epsilon Crt,11.410164,-10.859323,4.81,Crt
Elgafar,14.470038,-2.227957,4.81,Vir
21 Sgr,18.422511,-20.541679,4.81,Sgr
29 Vul,20.642038,21.201174,4.81,Vul
55 Cyg,20.815637,46.114134,4.81,Cyg
HIP 9095,1.952792,-47.385277,4.82,Phe
Mu Aur,5.223811,38.484498,4.82,Aur
HIP 31827,6.654644,-14.145764,4.82,CMa
15 CMa,6.892474,-20.224254,4.82,CMa
HIP 36773,7.563323,-14.523892,4.82,Pup
HIP 50799,10.372108,-41.64996,4.82,Vel
36 UMa,10.510461,55.980536,4.82,UMa
HIP 60710,12.442158,-51.450635,4.82,Cen
25 CVn,13.624345,36.294898,4.82,CVn
12 Boo,14.173315,25.091677,4.82,Boo
Pi Ser,16.038248,22.804454,4.82,Ser
Sigma Ser,16.367875,1.029039,4.82,Ser
52 Her,16.820615,45.983323,4.82,Her
30 Oph,17.017667,-4.222644,4.82,Oph
Fafnir,18.433069,65.56348,4.82,Dra
Upsilon Dra,18.90661,71.297192,4.82,Dra
Eta Cap,21.073417,-19.854991,4.82,Cap
31 Peg,22.358632,12.205186,4.82,Peg
Sigma Aqr,22.510782,-10.67795,4.82,Aqr
8 And,23.295732,49.0153,4.82,And
104 Aqr,23.696057,-17.816533,4.82,Aqr
Upsilon-1 Cas,0.916715,58.972698,4.83,Cas
Omega And,1.460915,45.406687,4.83,And
Epsilon Cet,2.659398,-11.872156,4.83,Cet
Zeta Hyi,2.759048,-67.616617,4.83,Hyi
HIP 34495,7.147519,-39.655657,4.83,Pup
HIP 35210,7.276898,-23.315594,4.83,CMa
HIP 40945,8.356397,-33.054366,4.83,Pup
HIP 42726,8.707054,-53.113984,4.83,Vel
Xi-1 Cen,13.059256,-49.527264,4.83,Cen
44 Boo,15.063174,47.65406,4.83,Boo
HIP 74449,15.213776,-44.500414,4.83,Lup
30 Her,16.477373,41.881677,4.83,Her
HIP 83574,17.080376,-34.12293,4.83,Sco
HIP 92088,18.767911,26.66213,4.83,Lyr
Eta Sct,18.951019,-5.846314,4.83,Sct
Epsilon CrA,18.978721,-37.107357,4.83,CrA
Mu Psc,1.503087,6.14382,4.84,Psc
60 And,2.220369,44.231652,4.84,And
Delta Tri,2.284191,34.224231,4.84,Tri
Kappa-1 Cet,3.322693,3.370198,4.84,Cet
47 Tau,4.232329,9.263824,4.84,Tau
126 Tau,5.688255,16.534148,4.84,Tau
HIP 37297,7.657595,-38.308021,4.84,Pup
HIP 42134,8.5888,-58.009228,4.84,Car
58 Leo,11.009347,3.617494,4.84,Leo
Xi Vir,11.754733,8.258119,4.84,Vir
20 Boo,14.329233,16.306948,4.84,Boo
29 Her,16.543415,11.488041,4.84,Her
18 Dra,16.681978,64.589046,4.84,Dra
HIP 82020,16.754946,56.781857,4.84,Dra
60 Sgr,19.982555,-26.195767,4.84,Sgr
Rho Gru,22.724993,-41.414347,4.84,Gru
Eta Gru,22.760519,-53.500121,4.84,Gru
1 Cas,23.110226,59.41976,4.84,Cas
Graffias,16.072774,-11.374611,4.84,Sco
HIP 14862,3.198957,74.393659,4.85,Cas
HIP 15416,3.312174,34.222653,4.85,Per
HIP 36431,7.497615,-23.024287,4.85,Pup
HIP 49712,10.148957,-51.811261,4.85,Vel
HIP 64408,13.200901,-37.803022,4.85,Cen
Epsilon Cir,15.294136,-63.610465,4.85,Cir
HIP 87846,17.946507,-44.342246,4.85,Sco
74 Oph,18.347795,3.377165,4.85,Oph
Lambda Tel,18.974378,-52.938629,4.85,Tel
Eta Scl,0.465472,-33.007167,4.86,Scl
15 Eri,3.30614,-22.511118,4.86,Eri
12 Lyn,6.770595,59.44167,4.86,Lyn
Zeta Pyx,8.661799,-29.561084,4.86,Pyx
HIP 51808,10.584878,75.712948,4.86,Dra
HIP 64820,13.286952,-66.783438,4.86,Mus
HIP 70327,14.389638,8.446617,4.86,Boo
31 Boo,14.694097,8.161764,4.86,Boo
Xi CrB,16.368287,30.891996,4.86,CrB
Mu Nor,16.568061,-44.045315,4.86,Nor
42 Her,16.645794,48.928342,4.86,Her
Nu-2 Dra,17.537767,55.172958,4.86,Dra
58 Oph,17.723833,-21.683194,4.86,Oph
HIP 91918,18.738711,-35.641987,4.86,Sgr
Ainalrami,18.902827,-22.744834,4.86,Sgr
Psi Sgr,19.259007,-25.256682,4.86,Sgr
Rho Pav,20.626465,-61.529918,4.86,Pav
Nu Peg,22.094653,5.05853,4.86,Peg
Adhil,1.372337,45.528778,4.87,And
Nu Cet,2.597909,5.593246,4.87,Cet
Zeta Ari,3.24836,21.044441,4.87,Ari
39 Eri,4.239914,-10.256283,4.87,Eri
HIP 34899,7.220377,-45.182739,4.87,Pup
9 Hya,8.695371,-15.943384,4.87,Hya
Delta Pyx,8.925434,-27.681871,4.87,Pyx
HIP 48559,9.903425,-25.932345,4.87,Hya
HIP 51979,10.620481,-27.412634,4.87,Hya
HIP 52736,10.780898,-64.383474,4.87,Car
56 Sgr,19.772707,-19.761113,4.87,Sgr
72 Cyg,21.579596,38.534054,4.87,Cyg
Rho Cet,2.432501,-12.29048,4.88,Cet
114 Tau,5.460579,21.936965,4.88,Tau
132 Tau,5.816935,24.567535,4.88,Tau
Lambda Col,5.885245,-33.801361,4.88,Col
29 CMa,7.311216,-24.558701,4.88,CMa
Epsilon Cha,11.993796,-78.221839,4.88,Cha
Rho Vir,12.698071,10.235625,4.88,Vir
37 Com,13.004576,30.785021,4.88,Com
19 Dra,16.93375,65.134796,4.88,Dra
HIP 87936,17.963279,-41.716295,4.88,Sco
Epsilon Sct,18.725348,-8.275215,4.88,Sct
43 Sgr,19.293911,-18.952908,4.88,Sgr
Iota Tel,19.586942,-48.099202,4.88,Tel
Tau Cas,23.784284,58.651989,4.88,Cas
27 Psc,23.977883,-3.555983,4.88,Psc
Sigma Cas,23.983482,55.754928,4.88,Cas
6 Cet,0.187739,-15.467977,4.89,Cet
HIP 22453,4.831846,37.488275,4.89,Per
Psi-1 Ori,5.412452,1.846445,4.89,Ori
134 Tau,5.825814,12.651324,4.89,Tau
Jishui,7.65276,34.584346,4.89,Gem
81 Gem,7.768736,18.510043,4.89,Gem
HIP 51523,10.522775,-53.715484,4.89,Vel
HIP 52009,10.625909,-13.384543,4.89,Hya
HIP 57443,11.775376,-40.500354,4.89,Cen
HIP 57851,11.864237,-65.20591,4.89,Mus
35 Com,12.888263,21.244943,4.89,Com
Eta Aps,14.303877,-81.00776,4.89,Aps
60 Her,17.089636,12.740828,4.89,Her
Nu-1 Dra,17.536251,55.184243,4.89,Dra
15 Cyg,19.737943,37.354355,4.89,Cyg
Alpha Mic,20.8328,-33.779722,4.89,Mic
10 Lac,22.654355,39.050269,4.89,Lac
HIP 115990,23.500536,58.54892,4.89,Cas
Nu Cas,0.813892,50.968168,4.9,Cas
46 Cet,1.427009,-14.598796,4.9,Cet
51 Ori,5.707953,1.474629,4.9,Ori
16 Lyn,6.960309,45.094094,4.9,Lyn
HIP 62683,12.844769,-33.999302,4.9,Cen
HIP 64583,13.237578,-59.103235,4.9,Cen
HIP 78655,16.05672,-38.602541,4.9,Lup
Acrab B,16.09071,-19.80186,4.9,Sco
Zeta TrA,16.474422,-70.084401,4.9,TrA
12 Vul,19.851141,22.610046,4.9,Vul
Zeta Ind,20.824709,-46.226826,4.9,Ind
12 Per,2.704144,40.193944,4.91,Per
45 Eri,4.531296,-0.044011,4.91,Eri
HIP 23362,5.023772,-20.051918,4.91,Lep
104 Tau,5.124164,18.645052,4.91,Tau
HIP 30093,6.333222,-2.944493,4.91,Ori
20 Mon,7.170467,-4.237106,4.91,Mon
63 Aur,7.194255,39.320549,4.91,Aur
Phi-3 Hya,10.643043,-16.876572,4.91,Hya
HIP 61966,12.699051,-59.685819,4.91,Cru
HIP 66257,13.579943,37.182415,4.91,CVn
Delta Lib,15.016208,-8.518943,4.91,Lib
1 Lup,15.2437,-31.519121,4.91,Lup
HIP 81724,16.692884,-17.742167,4.91,Oph
Mu Dra,17.088929,54.470042,4.91,Dra
Psi Cyg,19.927167,52.438948,4.91,Cyg
69 Aql,20.494167,-2.885531,4.91,Aql
70 Aql,20.61212,-2.549957,4.91,Aql
Nu Tuc,22.55001,-61.982122,4.91,Tuc
Rho Peg,22.920464,8.816166,4.91,Peg
56 Cet,1.944499,-22.526785,4.92,Cet
3 Mon,6.030673,-10.59793,4.92,Mon
17 Lep,6.083091,-16.484435,4.92,Lep
Psi-1 Aur,6.414973,49.287893,4.92,Aur
HIP 34059,7.064896,-49.58392,4.92,Pup
HIP 36547,7.517911,82.411466,4.92,Cam
HIP 45439,9.2602,-38.569942,4.92,Vel
Chi-1 Hya,11.088867,-27.293612,4.92,Hya
14 Com,12.440018,27.268237,4.92,Com
78 Vir,13.56887,3.658967,4.92,Vir
6 Boo,13.828564,21.264105,4.92,Boo
HIP 72104,14.749778,-35.191826,4.92,Cen
Epsilon Lib,15.403303,-10.322266,4.92,Lib
HIP 88726,18.113858,-43.425216,4.92,CrA
106 Her,18.338309,21.961297,4.92,Her
Delta-1 Tel,18.529287,-45.914814,4.92,Tel
HIP 92689,18.887096,50.708221,4.92,Dra
30 Vul,20.747919,25.270617,4.92,Vul
Delta Hor,4.180708,-41.993573,4.93,Hor
Omega-2 Tau,4.287684,20.578591,4.93,Tau
54 Per,4.340178,34.566725,4.93,Per
Omega Aur,4.987612,37.890245,4.93,Aur
HIP 36942,7.594365,-52.533836,4.93,Car
24 Lyn,7.716788,58.71036,4.93,Lyn
27 Mon,7.995598,-3.679583,4.93,Mon
HIP 43937,8.949562,-59.229338,4.93,Car
HIP 47592,9.704011,-23.915569,4.93,Hya
HIP 56280,11.53789,-29.261022,4.93,Hya
HIP 56986,11.681568,-62.090101,4.93,Cen
7 Com,12.272372,23.945409,4.93,Com
31 Com,12.861645,27.540712,4.93,Com
78 UMa,13.012125,56.366338,4.93,UMa
HIP 69269,14.18069,-16.30203,4.93,Vir
11 Lib,14.850298,-2.29915,4.93,Lib
45 Boo,15.121682,24.869195,4.93,Boo
Psi Sco,16.199997,-10.064253,4.93,Sco
Kappa Aql,19.614847,-7.027477,4.93,Aql
Xi Tel,20.1231,-52.880793,4.93,Tel
28 Cyg,20.157116,36.839621,4.93,Cyg
29 Cyg,20.242229,36.806302,4.93,Cyg
HIP 102571,20.786319,34.374123,4.93,Cyg
Chi Aqr,23.280817,-7.726504,4.93,Aqr
78 Peg,23.733189,29.361454,4.93,Peg
6 Tri,2.206191,30.303067,4.94,Tri
24 Per,2.984356,35.183128,4.94,Per
HIP 33357,6.937775,-48.721144,4.94,Pup
HIP 35727,7.370425,-19.0166,4.94,CMa
Chi Gem,8.058634,27.794332,4.94,Gem
HIP 43347,8.8299,-45.307875,4.94,Vel
Felis,9.914503,-19.00936,4.94,Hya
HIP 50933,10.402182,65.566423,4.94,UMa
HIP 51495,10.517242,-73.22149,4.94,Car
Psi Hya,13.150909,-23.11807,4.94,Hya
HIP 64540,13.228597,40.152885,4.94,CVn
15 Dra,16.4664,68.768137,4.94,Dra
Lambda Lyr,19.000229,32.145514,4.94,Lyr
Rho Aql,20.237949,15.197609,4.94,Aql
Omega-1 Cyg,20.500983,48.951569,4.94,Cyg
Tau PsA,22.169093,-32.548407,4.94,PsA
Pi Cas,0.724466,47.024546,4.95,Cas
Phi Cas,1.334699,58.231611,4.95,Cas
HIP 18505,3.957067,63.072264,4.95,Cam
HIP 26736,5.680754,-1.128787,4.95,Ori
69 Ori,6.200911,16.130406,4.95,Ori
Tau Leo,11.465622,2.856265,4.95,Leo
6 Dra,12.578902,70.02177,4.95,Dra
48 Lib,15.969825,-14.279358,4.95,Lib
Kappa Nor,16.224648,-54.630467,4.95,Nor
Eta UMi,16.291791,75.75533,4.95,UMi
22 Cyg,19.931045,38.486705,4.95,Cyg
HIP 98608,20.029093,-59.375893,4.95,Pav
15 Lac,22.867225,43.312417,4.95,Lac
Kappa Psc,23.448876,1.255608,4.95,Psc
19 Psc,23.773199,3.486811,4.95,Psc
Tau And,1.676337,40.577049,4.96,And
HIP 7918,1.696383,42.613369,4.96,And
Omega For,2.564085,-28.232343,4.96,For
32 Per,3.357381,43.329651,4.96,Per
75 Tau,4.473992,16.359672,4.96,Tau
109 Tau,5.321278,22.096494,4.96,Tau
Xi Aur,5.914107,55.706947,4.96,Aur
89 Vir,13.831191,-18.134168,4.96,Vir
HIP 78180,15.963196,54.749762,4.96,Dra
HIP 78650,16.05573,-25.86524,4.96,Sco
98 Her,18.100528,22.218879,4.96,Her
1 Sgr,18.19537,-23.701235,4.96,Sgr
104 Her,18.198377,31.40535,4.96,Her
4 Cas,23.413959,62.282806,4.96,Cas
Nu Phe,1.253043,-45.531664,4.97,Phe
Omega Cas,1.933337,68.685242,4.97,Cas
40 Per,3.706291,33.965026,4.97,Per
Iota Ret,4.021697,-61.078822,4.97,Ret
Phi Tau,4.339227,27.350754,4.97,Tau
Xi Col,5.924975,-37.120668,4.97,Col
Phi Gem,7.891616,26.765783,4.97,Gem
HIP 50847,10.382824,-66.901498,4.97,Car
16 Vir,12.339161,3.312574,4.97,Vir
70 Vir,13.473837,13.778787,4.97,Vir
52 Hya,14.469564,-29.491638,4.97,Hya
42 Lib,15.67136,-23.818078,4.97,Lib
Gamma-1 Nor,16.283593,-50.068122,4.97,Nor
HIP 83430,17.052186,14.091947,4.97,Her
72 Peg,23.565884,31.325277,4.97,Peg
Omega-1 Aqr,23.663074,-14.222178,4.97,Aqr
Psi And,23.767234,46.420276,4.97,And
HIP 7999,1.712086,-3.6902,4.98,Cet
14 Ari,2.157036,25.939892,4.98,Ari
Beta Hor,2.979939,-64.071284,4.98,Hor
9 Aur,5.111289,51.59772,4.98,Aur
Theta-1 Ori,5.587728,-5.387315,4.98,Ori
Theta-2 Ori,5.589695,-5.41606,4.98,Ori
HIP 37379,7.673114,-15.26392,4.98,Pup
6 Hya,8.667076,-12.475372,4.98,Hya
59 Leo,11.012445,6.101449,4.98,Leo
HIP 57696,11.832395,-70.22579,4.98,Mus
16 Com,12.449805,26.825699,4.98,Com
Nu-2 Boo,15.529718,40.899332,4.98,Boo
Iota CrB,16.024047,29.851061,4.98,CrB
39 Dra,18.398507,58.800736,4.98,Dra
Alya B,18.937401,4.202132,4.98,Ser
26 Aql,19.342473,-5.415766,4.98,Aql
HIP 98073,19.932051,58.845969,4.98,Cyg
3 Cet,0.075033,-10.509523,4.99,Cet
4 Per,2.038359,54.487541,4.99,Per
HIP 16147,3.467517,49.062866,4.99,Per
Delta For,3.704139,-31.938361,4.99,For
HIP 18488,3.952303,61.108883,4.99,Cam
HIP 21644,4.64821,-12.123121,4.99,Eri
23 Ori,5.380556,3.544452,4.99,Ori
Psi-7 Aur,6.846097,41.78123,4.99,Aur
HIP 32855,6.847876,-34.367318,4.99,Pup
19 Mon,7.048549,-4.239231,4.99,Mon
Epsilon CMi,7.427471,9.276097,4.99,CMi
20 Pup,8.222213,-15.788221,4.99,Pup
Omega Hya,9.099546,5.092316,4.99,Hya
HIP 45085,9.184556,-44.867902,4.99,Vel
Xi Leo,9.532428,11.299827,4.99,Leo
56 UMa,11.380442,43.482703,4.99,UMa
HIP 59856,12.27504,33.061527,4.99,Com
HIP 66821,13.695775,-54.559425,4.99,Cen
HIP 69389,14.20439,2.409433,4.99,Vir
Nu-1 Lup,15.368975,-47.927792,4.99,Lup
Eta CrB,15.38675,30.287812,4.99,CrB
HIP 78323,15.991743,-41.744436,4.99,Lup
36 Dra,18.231545,64.397287,4.99,Dra
2 Cyg,19.402105,29.621338,4.99,Cyg
HIP 98842,20.072108,-32.056296,4.99,Sgr
Upsilon PsA,22.140537,-34.043841,4.99,PsA
HIP 113288,22.940555,49.733544,4.99,Lac
Psi-3 Aqr,23.316021,-9.61075,4.99,Aqr
HIP 19018,4.074212,59.155507,5.0,Cam
111 Tau,5.407071,17.383534,5.0,Tau
Elkurud,6.125453,-37.25292,5.0,Col
HIP 29735,6.262468,-13.718414,5.0,CMa
Mu CMa,6.935179,-14.04343,5.0,CMa
HIP 35384,7.308883,49.464756,5.0,Lyn
10 Leo,9.620185,6.835802,5.0,Leo
HIP 55588,11.386857,-36.164769,5.0,Cen
HIP 57175,11.725332,-62.489396,5.0,Cen
Theta UMi,15.523619,77.349352,5.0,UMi
Marsic,16.134591,17.04698,5.0,Her
HIP 88060,17.9848,-30.253025,5.0,Sgr
HIP 88788,18.12465,43.461891,5.0,Her
Nu-2 Sgr,18.918649,-22.671328,5.0,Sgr
16 Lyr,19.023991,46.934812,5.0,Lyr
54 Dra,19.231987,57.705102,5.0,Dra
9 Vul,19.57636,19.773403,5.0,Vul
17 Cyg,19.773777,33.727598,5.0,Cyg
Eta Tuc,23.959727,-64.298231,5.0,Tuc
HYG 118562,8.74494,-54.708074,5.0,Vel
Xi Sco,16.072774,-11.374611,5.0,Sco
Gamma CrA,19.106847,-37.06474,5.0,CrA
